Comment,Gopinath-num,Gopinath1896-img,Gopinath1914-img,Kosambi
,1,gopinath/1896-XikpAAAAYAAJ/pdf/images-300/p-070.jpg,gopinath/1914-VeBjAAAAMAAJ/pdf/images-300/p-064.jpg,256
,2,gopinath/1896-XikpAAAAYAAJ/pdf/images-300/p-071.jpg,gopinath/1914-VeBjAAAAMAAJ/pdf/images-300/p-065.jpg,311
,3,gopinath/1896-XikpAAAAYAAJ/pdf/images-300/p-072.jpg,gopinath/1914-VeBjAAAAMAAJ/pdf/images-300/p-066.jpg,8
,4,gopinath/1896-XikpAAAAYAAJ/pdf/images-300/p-073.jpg,gopinath/1914-VeBjAAAAMAAJ/pdf/images-300/p-067.jpg,9
,5,gopinath/1896-XikpAAAAYAAJ/pdf/images-300/p-074.jpg,gopinath/1914-VeBjAAAAMAAJ/pdf/images-300/p-068.jpg,319
,6,gopinath/1896-XikpAAAAYAAJ/pdf/images-300/p-075.jpg,gopinath/1914-VeBjAAAAMAAJ/pdf/images-300/p-069.jpg,67
,7,gopinath/1896-XikpAAAAYAAJ/pdf/images-300/p-076.jpg,gopinath/1914-VeBjAAAAMAAJ/pdf/images-300/p-070.jpg,68
,8,gopinath/1896-XikpAAAAYAAJ/pdf/images-300/p-077.jpg,gopinath/1914-VeBjAAAAMAAJ/pdf/images-300/p-071.jpg,5
,9,gopinath/1896-XikpAAAAYAAJ/pdf/images-300/p-078.jpg,gopinath/1914-VeBjAAAAMAAJ/pdf/images-300/p-072.jpg,30
,10,gopinath/1896-XikpAAAAYAAJ/pdf/images-300/p-079.jpg,gopinath/1914-VeBjAAAAMAAJ/pdf/images-300/p-073.jpg,334
,11,gopinath/1896-XikpAAAAYAAJ/pdf/images-300/p-080.jpg,gopinath/1914-VeBjAAAAMAAJ/pdf/images-300/p-074.jpg,759
,12,gopinath/1896-XikpAAAAYAAJ/pdf/images-300/p-081.jpg,gopinath/1914-VeBjAAAAMAAJ/pdf/images-300/p-075.jpg,796
,13,gopinath/1896-XikpAAAAYAAJ/pdf/images-300/p-082.jpg,gopinath/1914-VeBjAAAAMAAJ/pdf/images-300/p-076.jpg,697
,14,gopinath/1896-XikpAAAAYAAJ/pdf/images-300/p-083.jpg,gopinath/1914-VeBjAAAAMAAJ/pdf/images-300/p-077.jpg,320
,15,gopinath/1896-XikpAAAAYAAJ/pdf/images-300/p-084.jpg,gopinath/1914-VeBjAAAAMAAJ/pdf/images-300/p-078.jpg,13
,16,gopinath/1896-XikpAAAAYAAJ/pdf/images-300/p-085.jpg,gopinath/1914-VeBjAAAAMAAJ/pdf/images-300/p-079.jpg,15
,17,gopinath/1896-XikpAAAAYAAJ/pdf/images-300/p-086.jpg,gopinath/1914-VeBjAAAAMAAJ/pdf/images-300/p-080.jpg,16
,18,gopinath/1896-XikpAAAAYAAJ/pdf/images-300/p-087.jpg,gopinath/1914-VeBjAAAAMAAJ/pdf/images-300/p-081.jpg,38
,19,gopinath/1896-XikpAAAAYAAJ/pdf/images-300/p-088.jpg,gopinath/1914-VeBjAAAAMAAJ/pdf/images-300/p-082.jpg,76
,20,gopinath/1896-XikpAAAAYAAJ/pdf/images-300/p-089.jpg,gopinath/1914-VeBjAAAAMAAJ/pdf/images-300/p-083.jpg,70
,21,gopinath/1896-XikpAAAAYAAJ/pdf/images-300/p-090.jpg,gopinath/1914-VeBjAAAAMAAJ/pdf/images-300/p-084.jpg,237
,22,gopinath/1896-XikpAAAAYAAJ/pdf/images-300/p-091.jpg,gopinath/1914-VeBjAAAAMAAJ/pdf/images-300/p-085.jpg,71
,23,gopinath/1896-XikpAAAAYAAJ/pdf/images-300/p-092.jpg,gopinath/1914-VeBjAAAAMAAJ/pdf/images-300/p-086.jpg,42
,24,gopinath/1896-XikpAAAAYAAJ/pdf/images-300/p-093.jpg,gopinath/1914-VeBjAAAAMAAJ/pdf/images-300/p-087.jpg,55
,25,gopinath/1896-XikpAAAAYAAJ/pdf/images-300/p-094.jpg,gopinath/1914-VeBjAAAAMAAJ/pdf/images-300/p-088.jpg,807
,26,gopinath/1896-XikpAAAAYAAJ/pdf/images-300/p-095.jpg,gopinath/1914-VeBjAAAAMAAJ/pdf/images-300/p-089.jpg,3
,27,gopinath/1896-XikpAAAAYAAJ/pdf/images-300/p-096.jpg,gopinath/1914-VeBjAAAAMAAJ/pdf/images-300/p-090.jpg,277
,28,gopinath/1896-XikpAAAAYAAJ/pdf/images-300/p-097.jpg,gopinath/1914-VeBjAAAAMAAJ/pdf/images-300/p-091.jpg,18
,29,gopinath/1896-XikpAAAAYAAJ/pdf/images-300/p-098.jpg,gopinath/1914-VeBjAAAAMAAJ/pdf/images-300/p-092.jpg,17
,30,gopinath/1896-XikpAAAAYAAJ/pdf/images-300/p-099.jpg,gopinath/1914-VeBjAAAAMAAJ/pdf/images-300/p-093.jpg,350
,31,gopinath/1896-XikpAAAAYAAJ/pdf/images-300/p-100.jpg,gopinath/1914-VeBjAAAAMAAJ/pdf/images-300/p-094.jpg,57
,32,gopinath/1896-XikpAAAAYAAJ/pdf/images-300/p-101.jpg,gopinath/1914-VeBjAAAAMAAJ/pdf/images-300/p-095.jpg,74
,33,gopinath/1896-XikpAAAAYAAJ/pdf/images-300/p-102.jpg,gopinath/1914-VeBjAAAAMAAJ/pdf/images-300/p-096.jpg,34
,34,gopinath/1896-XikpAAAAYAAJ/pdf/images-300/p-103.jpg,gopinath/1914-VeBjAAAAMAAJ/pdf/images-300/p-097.jpg,53
,35,gopinath/1896-XikpAAAAYAAJ/pdf/images-300/p-108.jpg,gopinath/1914-VeBjAAAAMAAJ/pdf/images-300/p-098.jpg,73
,36,gopinath/1896-XikpAAAAYAAJ/pdf/images-300/p-109.jpg,gopinath/1914-VeBjAAAAMAAJ/pdf/images-300/p-099.jpg,321
,37,gopinath/1896-XikpAAAAYAAJ/pdf/images-300/p-104.jpg,gopinath/1914-VeBjAAAAMAAJ/pdf/images-300/p-100.jpg,65
,38,gopinath/1896-XikpAAAAYAAJ/pdf/images-300/p-105.jpg,gopinath/1914-VeBjAAAAMAAJ/pdf/images-300/p-101.jpg,75
,39,gopinath/1896-XikpAAAAYAAJ/pdf/images-300/p-106.jpg,gopinath/1914-VeBjAAAAMAAJ/pdf/images-300/p-102.jpg,25
,40,gopinath/1896-XikpAAAAYAAJ/pdf/images-300/p-107.jpg,gopinath/1914-VeBjAAAAMAAJ/pdf/images-300/p-103.jpg,512
,41,gopinath/1896-XikpAAAAYAAJ/pdf/images-300/p-110.jpg,gopinath/1914-VeBjAAAAMAAJ/pdf/images-300/p-104.jpg,51
,42,gopinath/1896-XikpAAAAYAAJ/pdf/images-300/p-111.jpg,gopinath/1914-VeBjAAAAMAAJ/pdf/images-300/p-105.jpg,23
,43,gopinath/1896-XikpAAAAYAAJ/pdf/images-300/p-112.jpg,gopinath/1914-VeBjAAAAMAAJ/pdf/images-300/p-106.jpg,50
,44,gopinath/1896-XikpAAAAYAAJ/pdf/images-300/p-113.jpg,gopinath/1914-VeBjAAAAMAAJ/pdf/images-300/p-107.jpg,11
,45,gopinath/1896-XikpAAAAYAAJ/pdf/images-300/p-114.jpg,gopinath/1914-VeBjAAAAMAAJ/pdf/images-300/p-108.jpg,12
,46,gopinath/1896-XikpAAAAYAAJ/pdf/images-300/p-115.jpg,gopinath/1914-VeBjAAAAMAAJ/pdf/images-300/p-109.jpg,58
,47,gopinath/1896-XikpAAAAYAAJ/pdf/images-300/p-116.jpg,gopinath/1914-VeBjAAAAMAAJ/pdf/images-300/p-110.jpg,59
,48,gopinath/1896-XikpAAAAYAAJ/pdf/images-300/p-117.jpg,gopinath/1914-VeBjAAAAMAAJ/pdf/images-300/p-111.jpg,66
,49,gopinath/1896-XikpAAAAYAAJ/pdf/images-300/p-118.jpg,gopinath/1914-VeBjAAAAMAAJ/pdf/images-300/p-112.jpg,56
,50,gopinath/1896-XikpAAAAYAAJ/pdf/images-300/p-119.jpg,gopinath/1914-VeBjAAAAMAAJ/pdf/images-300/p-113.jpg,521
,51,gopinath/1896-XikpAAAAYAAJ/pdf/images-300/p-120.jpg,gopinath/1914-VeBjAAAAMAAJ/pdf/images-300/p-114.jpg,721
,52,gopinath/1896-XikpAAAAYAAJ/pdf/images-300/p-121.jpg,gopinath/1914-VeBjAAAAMAAJ/pdf/images-300/p-115.jpg,61
,53,gopinath/1896-XikpAAAAYAAJ/pdf/images-300/p-122.jpg,gopinath/1914-VeBjAAAAMAAJ/pdf/images-300/p-116.jpg,27
,54,gopinath/1896-XikpAAAAYAAJ/pdf/images-300/p-123.jpg,gopinath/1914-VeBjAAAAMAAJ/pdf/images-300/p-117.jpg,24
,55,gopinath/1896-XikpAAAAYAAJ/pdf/images-300/p-124.jpg,gopinath/1914-VeBjAAAAMAAJ/pdf/images-300/p-118.jpg,37
,56,gopinath/1896-XikpAAAAYAAJ/pdf/images-300/p-125.jpg,gopinath/1914-VeBjAAAAMAAJ/pdf/images-300/p-119.jpg,10
,57,gopinath/1896-XikpAAAAYAAJ/pdf/images-300/p-126.jpg,gopinath/1914-VeBjAAAAMAAJ/pdf/images-300/p-120.jpg,60
,58,gopinath/1896-XikpAAAAYAAJ/pdf/images-300/p-127.jpg,gopinath/1914-VeBjAAAAMAAJ/pdf/images-300/p-121.jpg,35
,59,gopinath/1896-XikpAAAAYAAJ/pdf/images-300/p-128.jpg,gopinath/1914-VeBjAAAAMAAJ/pdf/images-300/p-122.jpg,69
,60,gopinath/1896-XikpAAAAYAAJ/pdf/images-300/p-129.jpg,gopinath/1914-VeBjAAAAMAAJ/pdf/images-300/p-123.jpg,62
,61,gopinath/1896-XikpAAAAYAAJ/pdf/images-300/p-130.jpg,gopinath/1914-VeBjAAAAMAAJ/pdf/images-300/p-124.jpg,32
,62,gopinath/1896-XikpAAAAYAAJ/pdf/images-300/p-131.jpg,gopinath/1914-VeBjAAAAMAAJ/pdf/images-300/p-125.jpg,43
,63,gopinath/1896-XikpAAAAYAAJ/pdf/images-300/p-132.jpg,gopinath/1914-VeBjAAAAMAAJ/pdf/images-300/p-126.jpg,14
,64,gopinath/1896-XikpAAAAYAAJ/pdf/images-300/p-133.jpg,gopinath/1914-VeBjAAAAMAAJ/pdf/images-300/p-127.jpg,275
,65,gopinath/1896-XikpAAAAYAAJ/pdf/images-300/p-134.jpg,gopinath/1914-VeBjAAAAMAAJ/pdf/images-300/p-128.jpg,72
,66,gopinath/1896-XikpAAAAYAAJ/pdf/images-300/p-135.jpg,gopinath/1914-VeBjAAAAMAAJ/pdf/images-300/p-129.jpg,335
,67,gopinath/1896-XikpAAAAYAAJ/pdf/images-300/p-136.jpg,gopinath/1914-VeBjAAAAMAAJ/pdf/images-300/p-130.jpg,33
,68,gopinath/1896-XikpAAAAYAAJ/pdf/images-300/p-137.jpg,gopinath/1914-VeBjAAAAMAAJ/pdf/images-300/p-131.jpg,279
,69,gopinath/1896-XikpAAAAYAAJ/pdf/images-300/p-138.jpg,gopinath/1914-VeBjAAAAMAAJ/pdf/images-300/p-132.jpg,223
,70,gopinath/1896-XikpAAAAYAAJ/pdf/images-300/p-139.jpg,gopinath/1914-VeBjAAAAMAAJ/pdf/images-300/p-133.jpg,36
,71,gopinath/1896-XikpAAAAYAAJ/pdf/images-300/p-140.jpg,gopinath/1914-VeBjAAAAMAAJ/pdf/images-300/p-134.jpg,63
,72,gopinath/1896-XikpAAAAYAAJ/pdf/images-300/p-141.jpg,gopinath/1914-VeBjAAAAMAAJ/pdf/images-300/p-135.jpg,54
,73,gopinath/1896-XikpAAAAYAAJ/pdf/images-300/p-142.jpg,gopinath/1914-VeBjAAAAMAAJ/pdf/images-300/p-136.jpg,31
,74,gopinath/1896-XikpAAAAYAAJ/pdf/images-300/p-143.jpg,gopinath/1914-VeBjAAAAMAAJ/pdf/images-300/p-137.jpg,64
,75,gopinath/1896-XikpAAAAYAAJ/pdf/images-300/p-144.jpg,gopinath/1914-VeBjAAAAMAAJ/pdf/images-300/p-138.jpg,221
,76,gopinath/1896-XikpAAAAYAAJ/pdf/images-300/p-145.jpg,gopinath/1914-VeBjAAAAMAAJ/pdf/images-300/p-139.jpg,28
,77,gopinath/1896-XikpAAAAYAAJ/pdf/images-300/p-146.jpg,gopinath/1914-VeBjAAAAMAAJ/pdf/images-300/p-140.jpg,20
,78,gopinath/1896-XikpAAAAYAAJ/pdf/images-300/p-147.jpg,gopinath/1914-VeBjAAAAMAAJ/pdf/images-300/p-141.jpg,44
,79,gopinath/1896-XikpAAAAYAAJ/pdf/images-300/p-148.jpg,gopinath/1914-VeBjAAAAMAAJ/pdf/images-300/p-142.jpg,19
,80,gopinath/1896-XikpAAAAYAAJ/pdf/images-300/p-149.jpg,gopinath/1914-VeBjAAAAMAAJ/pdf/images-300/p-143.jpg,454
,81,gopinath/1896-XikpAAAAYAAJ/pdf/images-300/p-150.jpg,gopinath/1914-VeBjAAAAMAAJ/pdf/images-300/p-144.jpg,52
,82,gopinath/1896-XikpAAAAYAAJ/pdf/images-300/p-151.jpg,gopinath/1914-VeBjAAAAMAAJ/pdf/images-300/p-145.jpg,21
,83,gopinath/1896-XikpAAAAYAAJ/pdf/images-300/p-152.jpg,gopinath/1914-VeBjAAAAMAAJ/pdf/images-300/p-146.jpg,41
,84,gopinath/1896-XikpAAAAYAAJ/pdf/images-300/p-153.jpg,gopinath/1914-VeBjAAAAMAAJ/pdf/images-300/p-147.jpg,265
,85,gopinath/1896-XikpAAAAYAAJ/pdf/images-300/p-154.jpg,gopinath/1914-VeBjAAAAMAAJ/pdf/images-300/p-148.jpg,26
,86,gopinath/1896-XikpAAAAYAAJ/pdf/images-300/p-155.jpg,gopinath/1914-VeBjAAAAMAAJ/pdf/images-300/p-149.jpg,216
,87,gopinath/1896-XikpAAAAYAAJ/pdf/images-300/p-156.jpg,gopinath/1914-VeBjAAAAMAAJ/pdf/images-300/p-150.jpg,246
,88,gopinath/1896-XikpAAAAYAAJ/pdf/images-300/p-157.jpg,gopinath/1914-VeBjAAAAMAAJ/pdf/images-300/p-151.jpg,49
,89,gopinath/1896-XikpAAAAYAAJ/pdf/images-300/p-158.jpg,gopinath/1914-VeBjAAAAMAAJ/pdf/images-300/p-152.jpg,228
,90,gopinath/1896-XikpAAAAYAAJ/pdf/images-300/p-159.jpg,gopinath/1914-VeBjAAAAMAAJ/pdf/images-300/p-153.jpg,39
,91,gopinath/1896-XikpAAAAYAAJ/pdf/images-300/p-160.jpg,gopinath/1914-VeBjAAAAMAAJ/pdf/images-300/p-154.jpg,240
,92,gopinath/1896-XikpAAAAYAAJ/pdf/images-300/p-161.jpg,gopinath/1914-VeBjAAAAMAAJ/pdf/images-300/p-155.jpg,342
,93,gopinath/1896-XikpAAAAYAAJ/pdf/images-300/p-162.jpg,gopinath/1914-VeBjAAAAMAAJ/pdf/images-300/p-156.jpg,590
,94,gopinath/1896-XikpAAAAYAAJ/pdf/images-300/p-163.jpg,gopinath/1914-VeBjAAAAMAAJ/pdf/images-300/p-157.jpg,22
,95,gopinath/1896-XikpAAAAYAAJ/pdf/images-300/p-164.jpg,gopinath/1914-VeBjAAAAMAAJ/pdf/images-300/p-158.jpg,285
,96,gopinath/1896-XikpAAAAYAAJ/pdf/images-300/p-165.jpg,gopinath/1914-VeBjAAAAMAAJ/pdf/images-300/p-159.jpg,40
,97,gopinath/1896-XikpAAAAYAAJ/pdf/images-300/p-166.jpg,gopinath/1914-VeBjAAAAMAAJ/pdf/images-300/p-160.jpg,46
,98,gopinath/1896-XikpAAAAYAAJ/pdf/images-300/p-167.jpg,gopinath/1914-VeBjAAAAMAAJ/pdf/images-300/p-161.jpg,29
,99,gopinath/1896-XikpAAAAYAAJ/pdf/images-300/p-168.jpg,gopinath/1914-VeBjAAAAMAAJ/pdf/images-300/p-162.jpg,45
,100,gopinath/1896-XikpAAAAYAAJ/pdf/images-300/p-169.jpg,gopinath/1914-VeBjAAAAMAAJ/pdf/images-300/p-163.jpg,343
,101,gopinath/1896-XikpAAAAYAAJ/pdf/images-300/p-170.jpg,gopinath/1914-VeBjAAAAMAAJ/pdf/images-300/p-164.jpg,48
,102,gopinath/1896-XikpAAAAYAAJ/pdf/images-300/p-171.jpg,gopinath/1914-VeBjAAAAMAAJ/pdf/images-300/p-165.jpg,47
,103,gopinath/1896-XikpAAAAYAAJ/pdf/images-300/p-172.jpg,gopinath/1914-VeBjAAAAMAAJ/pdf/images-300/p-166.jpg,468
,104,gopinath/1896-XikpAAAAYAAJ/pdf/images-300/p-173.jpg,gopinath/1914-VeBjAAAAMAAJ/pdf/images-300/p-167.jpg,270
,105,gopinath/1896-XikpAAAAYAAJ/pdf/images-300/p-174.jpg,gopinath/1914-VeBjAAAAMAAJ/pdf/images-300/p-168.jpg,206
,106,gopinath/1896-XikpAAAAYAAJ/pdf/images-300/p-175.jpg,gopinath/1914-VeBjAAAAMAAJ/pdf/images-300/p-169.jpg,226
,107,gopinath/1896-XikpAAAAYAAJ/pdf/images-300/p-176.jpg,gopinath/1914-VeBjAAAAMAAJ/pdf/images-300/p-170.jpg,230
,108,gopinath/1896-XikpAAAAYAAJ/pdf/images-300/p-177.jpg,gopinath/1914-VeBjAAAAMAAJ/pdf/images-300/p-171.jpg,220
,109,gopinath/1896-XikpAAAAYAAJ/pdf/images-300/p-178.jpg,gopinath/1914-VeBjAAAAMAAJ/pdf/images-300/p-172.jpg,324
,110,gopinath/1896-XikpAAAAYAAJ/pdf/images-300/p-179.jpg,gopinath/1914-VeBjAAAAMAAJ/pdf/images-300/p-173.jpg,318
(atha śrṅgāra),111,gopinath/1896-XikpAAAAYAAJ/pdf/images-300/p-180.jpg,gopinath/1914-VeBjAAAAMAAJ/pdf/images-300/p-174.jpg,
(blank page),112,gopinath/1896-XikpAAAAYAAJ/pdf/images-300/p-181.jpg,gopinath/1914-VeBjAAAAMAAJ/pdf/images-300/p-175.jpg,
,113,gopinath/1896-XikpAAAAYAAJ/pdf/images-300/p-182.jpg,gopinath/1914-VeBjAAAAMAAJ/pdf/images-300/p-176.jpg,112
,114,gopinath/1896-XikpAAAAYAAJ/pdf/images-300/p-183.jpg,gopinath/1914-VeBjAAAAMAAJ/pdf/images-300/p-177.jpg,79
,115,gopinath/1896-XikpAAAAYAAJ/pdf/images-300/p-184.jpg,gopinath/1914-VeBjAAAAMAAJ/pdf/images-300/p-178.jpg,92
,116,gopinath/1896-XikpAAAAYAAJ/pdf/images-300/p-185.jpg,gopinath/1914-VeBjAAAAMAAJ/pdf/images-300/p-179.jpg,89
,117,gopinath/1896-XikpAAAAYAAJ/pdf/images-300/p-186.jpg,gopinath/1914-VeBjAAAAMAAJ/pdf/images-300/p-180.jpg,90
(continued),118,gopinath/1896-XikpAAAAYAAJ/pdf/images-300/p-187.jpg,gopinath/1914-VeBjAAAAMAAJ/pdf/images-300/p-181.jpg,
,119,gopinath/1896-XikpAAAAYAAJ/pdf/images-300/p-188.jpg,gopinath/1914-VeBjAAAAMAAJ/pdf/images-300/p-182.jpg,93
,120,gopinath/1896-XikpAAAAYAAJ/pdf/images-300/p-189.jpg,gopinath/1914-VeBjAAAAMAAJ/pdf/images-300/p-183.jpg,107
,121,gopinath/1896-XikpAAAAYAAJ/pdf/images-300/p-190.jpg,gopinath/1914-VeBjAAAAMAAJ/pdf/images-300/p-184.jpg,80
,122,gopinath/1896-XikpAAAAYAAJ/pdf/images-300/p-191.jpg,gopinath/1914-VeBjAAAAMAAJ/pdf/images-300/p-185.jpg,117
,123,gopinath/1896-XikpAAAAYAAJ/pdf/images-300/p-192.jpg,gopinath/1914-VeBjAAAAMAAJ/pdf/images-300/p-186.jpg,118
,124,gopinath/1896-XikpAAAAYAAJ/pdf/images-300/p-193.jpg,gopinath/1914-VeBjAAAAMAAJ/pdf/images-300/p-187.jpg,127
,125,gopinath/1896-XikpAAAAYAAJ/pdf/images-300/p-194.jpg,gopinath/1914-VeBjAAAAMAAJ/pdf/images-300/p-188.jpg,139
(continued),126,gopinath/1896-XikpAAAAYAAJ/pdf/images-300/p-195.jpg,gopinath/1914-VeBjAAAAMAAJ/pdf/images-300/p-189.jpg,
,127,gopinath/1896-XikpAAAAYAAJ/pdf/images-300/p-196.jpg,gopinath/1914-VeBjAAAAMAAJ/pdf/images-300/p-190.jpg,133
,128,gopinath/1896-XikpAAAAYAAJ/pdf/images-300/p-197.jpg,gopinath/1914-VeBjAAAAMAAJ/pdf/images-300/p-191.jpg,130
,129,gopinath/1896-XikpAAAAYAAJ/pdf/images-300/p-198.jpg,gopinath/1914-VeBjAAAAMAAJ/pdf/images-300/p-192.jpg,119
,130,gopinath/1896-XikpAAAAYAAJ/pdf/images-300/p-199.jpg,gopinath/1914-VeBjAAAAMAAJ/pdf/images-300/p-193.jpg,132
,131,gopinath/1896-XikpAAAAYAAJ/pdf/images-300/p-200.jpg,gopinath/1914-VeBjAAAAMAAJ/pdf/images-300/p-194.jpg,136
,132,gopinath/1896-XikpAAAAYAAJ/pdf/images-300/p-201.jpg,gopinath/1914-VeBjAAAAMAAJ/pdf/images-300/p-195.jpg,84
,133,gopinath/1896-XikpAAAAYAAJ/pdf/images-300/p-202.jpg,gopinath/1914-VeBjAAAAMAAJ/pdf/images-300/p-196.jpg,88
,134,gopinath/1896-XikpAAAAYAAJ/pdf/images-300/p-203.jpg,gopinath/1914-VeBjAAAAMAAJ/pdf/images-300/p-197.jpg,131
,135,gopinath/1896-XikpAAAAYAAJ/pdf/images-300/p-204.jpg,gopinath/1914-VeBjAAAAMAAJ/pdf/images-300/p-198.jpg,336
,136,gopinath/1896-XikpAAAAYAAJ/pdf/images-300/p-205.jpg,gopinath/1914-VeBjAAAAMAAJ/pdf/images-300/p-199.jpg,121
,137,gopinath/1896-XikpAAAAYAAJ/pdf/images-300/p-206.jpg,gopinath/1914-VeBjAAAAMAAJ/pdf/images-300/p-200.jpg,122
,138,gopinath/1896-XikpAAAAYAAJ/pdf/images-300/p-207.jpg,gopinath/1914-VeBjAAAAMAAJ/pdf/images-300/p-201.jpg,116
,139,gopinath/1896-XikpAAAAYAAJ/pdf/images-300/p-208.jpg,gopinath/1914-VeBjAAAAMAAJ/pdf/images-300/p-202.jpg,124
,140,gopinath/1896-XikpAAAAYAAJ/pdf/images-300/p-209.jpg,gopinath/1914-VeBjAAAAMAAJ/pdf/images-300/p-203.jpg,123
,141,gopinath/1896-XikpAAAAYAAJ/pdf/images-300/p-210.jpg,gopinath/1914-VeBjAAAAMAAJ/pdf/images-300/p-204.jpg,215
,142,gopinath/1896-XikpAAAAYAAJ/pdf/images-300/p-211.jpg,gopinath/1914-VeBjAAAAMAAJ/pdf/images-300/p-205.jpg,128
,143,gopinath/1896-XikpAAAAYAAJ/pdf/images-300/p-214.jpg,gopinath/1914-VeBjAAAAMAAJ/pdf/images-300/p-206.jpg,225
,144,gopinath/1896-XikpAAAAYAAJ/pdf/images-300/p-215.jpg,gopinath/1914-VeBjAAAAMAAJ/pdf/images-300/p-207.jpg,273
,145,gopinath/1896-XikpAAAAYAAJ/pdf/images-300/p-212.jpg,gopinath/1914-VeBjAAAAMAAJ/pdf/images-300/p-208.jpg,135
,146,gopinath/1896-XikpAAAAYAAJ/pdf/images-300/p-213.jpg,gopinath/1914-VeBjAAAAMAAJ/pdf/images-300/p-209.jpg,274
,147,gopinath/1896-XikpAAAAYAAJ/pdf/images-300/p-216.jpg,gopinath/1914-VeBjAAAAMAAJ/pdf/images-300/p-210.jpg,99
,148,gopinath/1896-XikpAAAAYAAJ/pdf/images-300/p-217.jpg,gopinath/1914-VeBjAAAAMAAJ/pdf/images-300/p-211.jpg,111
,149,gopinath/1896-XikpAAAAYAAJ/pdf/images-300/p-218.jpg,gopinath/1914-VeBjAAAAMAAJ/pdf/images-300/p-212.jpg,138
,150,gopinath/1896-XikpAAAAYAAJ/pdf/images-300/p-219.jpg,gopinath/1914-VeBjAAAAMAAJ/pdf/images-300/p-213.jpg,271
,151,gopinath/1896-XikpAAAAYAAJ/pdf/images-300/p-220.jpg,gopinath/1914-VeBjAAAAMAAJ/pdf/images-300/p-214.jpg,340
,152,gopinath/1896-XikpAAAAYAAJ/pdf/images-300/p-221.jpg,gopinath/1914-VeBjAAAAMAAJ/pdf/images-300/p-215.jpg,98
,153,gopinath/1896-XikpAAAAYAAJ/pdf/images-300/p-222.jpg,gopinath/1914-VeBjAAAAMAAJ/pdf/images-300/p-216.jpg,349
,154,gopinath/1896-XikpAAAAYAAJ/pdf/images-300/p-223.jpg,gopinath/1914-VeBjAAAAMAAJ/pdf/images-300/p-217.jpg,134
,155,gopinath/1896-XikpAAAAYAAJ/pdf/images-300/p-224.jpg,gopinath/1914-VeBjAAAAMAAJ/pdf/images-300/p-218.jpg,141
,156,gopinath/1896-XikpAAAAYAAJ/pdf/images-300/p-225.jpg,gopinath/1914-VeBjAAAAMAAJ/pdf/images-300/p-219.jpg,140
,157,gopinath/1896-XikpAAAAYAAJ/pdf/images-300/p-226.jpg,gopinath/1914-VeBjAAAAMAAJ/pdf/images-300/p-220.jpg,87
,158,gopinath/1896-XikpAAAAYAAJ/pdf/images-300/p-227.jpg,gopinath/1914-VeBjAAAAMAAJ/pdf/images-300/p-221.jpg,137
,159,gopinath/1896-XikpAAAAYAAJ/pdf/images-300/p-228.jpg,gopinath/1914-VeBjAAAAMAAJ/pdf/images-300/p-222.jpg,212
,160,gopinath/1896-XikpAAAAYAAJ/pdf/images-300/p-229.jpg,gopinath/1914-VeBjAAAAMAAJ/pdf/images-300/p-223.jpg,142
,161,gopinath/1896-XikpAAAAYAAJ/pdf/images-300/p-230.jpg,gopinath/1914-VeBjAAAAMAAJ/pdf/images-300/p-224.jpg,143
,162,gopinath/1896-XikpAAAAYAAJ/pdf/images-300/p-231.jpg,gopinath/1914-VeBjAAAAMAAJ/pdf/images-300/p-225.jpg,144
,163,gopinath/1896-XikpAAAAYAAJ/pdf/images-300/p-232.jpg,gopinath/1914-VeBjAAAAMAAJ/pdf/images-300/p-226.jpg,244
,164,gopinath/1896-XikpAAAAYAAJ/pdf/images-300/p-233.jpg,gopinath/1914-VeBjAAAAMAAJ/pdf/images-300/p-227.jpg,145
,165,gopinath/1896-XikpAAAAYAAJ/pdf/images-300/p-234.jpg,gopinath/1914-VeBjAAAAMAAJ/pdf/images-300/p-228.jpg,83
,166,gopinath/1896-XikpAAAAYAAJ/pdf/images-300/p-235.jpg,gopinath/1914-VeBjAAAAMAAJ/pdf/images-300/p-229.jpg,287
,167,gopinath/1896-XikpAAAAYAAJ/pdf/images-300/p-236.jpg,gopinath/1914-VeBjAAAAMAAJ/pdf/images-300/p-230.jpg,85
,168,gopinath/1896-XikpAAAAYAAJ/pdf/images-300/p-237.jpg,gopinath/1914-VeBjAAAAMAAJ/pdf/images-300/p-231.jpg,81
,169,gopinath/1896-XikpAAAAYAAJ/pdf/images-300/p-238.jpg,gopinath/1914-VeBjAAAAMAAJ/pdf/images-300/p-232.jpg,77
,170,gopinath/1896-XikpAAAAYAAJ/pdf/images-300/p-239.jpg,gopinath/1914-VeBjAAAAMAAJ/pdf/images-300/p-233.jpg,147
,171,gopinath/1896-XikpAAAAYAAJ/pdf/images-300/p-240.jpg,gopinath/1914-VeBjAAAAMAAJ/pdf/images-300/p-234.jpg,120
,172,gopinath/1896-XikpAAAAYAAJ/pdf/images-300/p-241.jpg,gopinath/1914-VeBjAAAAMAAJ/pdf/images-300/p-235.jpg,296
,173,gopinath/1896-XikpAAAAYAAJ/pdf/images-300/p-242.jpg,gopinath/1914-VeBjAAAAMAAJ/pdf/images-300/p-236.jpg,95
,174,gopinath/1896-XikpAAAAYAAJ/pdf/images-300/p-243.jpg,gopinath/1914-VeBjAAAAMAAJ/pdf/images-300/p-237.jpg,115
,175,gopinath/1896-XikpAAAAYAAJ/pdf/images-300/p-244.jpg,gopinath/1914-VeBjAAAAMAAJ/pdf/images-300/p-238.jpg,251
,176,gopinath/1896-XikpAAAAYAAJ/pdf/images-300/p-245.jpg,gopinath/1914-VeBjAAAAMAAJ/pdf/images-300/p-239.jpg,100
,177,gopinath/1896-XikpAAAAYAAJ/pdf/images-300/p-246.jpg,gopinath/1914-VeBjAAAAMAAJ/pdf/images-300/p-240.jpg,2
,178,gopinath/1896-XikpAAAAYAAJ/pdf/images-300/p-247.jpg,gopinath/1914-VeBjAAAAMAAJ/pdf/images-300/p-241.jpg,113
,179,gopinath/1896-XikpAAAAYAAJ/pdf/images-300/p-248.jpg,gopinath/1914-VeBjAAAAMAAJ/pdf/images-300/p-242.jpg,330
,180,gopinath/1896-XikpAAAAYAAJ/pdf/images-300/p-249.jpg,gopinath/1914-VeBjAAAAMAAJ/pdf/images-300/p-243.jpg,97
,181,gopinath/1896-XikpAAAAYAAJ/pdf/images-300/p-250.jpg,gopinath/1914-VeBjAAAAMAAJ/pdf/images-300/p-244.jpg,341
,182,gopinath/1896-XikpAAAAYAAJ/pdf/images-300/p-251.jpg,gopinath/1914-VeBjAAAAMAAJ/pdf/images-300/p-245.jpg,103
,183,gopinath/1896-XikpAAAAYAAJ/pdf/images-300/p-252.jpg,gopinath/1914-VeBjAAAAMAAJ/pdf/images-300/p-246.jpg,86
,184,gopinath/1896-XikpAAAAYAAJ/pdf/images-300/p-253.jpg,gopinath/1914-VeBjAAAAMAAJ/pdf/images-300/p-247.jpg,106
,185,gopinath/1896-XikpAAAAYAAJ/pdf/images-300/p-254.jpg,gopinath/1914-VeBjAAAAMAAJ/pdf/images-300/p-248.jpg,105
,186,gopinath/1896-XikpAAAAYAAJ/pdf/images-300/p-255.jpg,gopinath/1914-VeBjAAAAMAAJ/pdf/images-300/p-249.jpg,231
,187,gopinath/1896-XikpAAAAYAAJ/pdf/images-300/p-256.jpg,gopinath/1914-VeBjAAAAMAAJ/pdf/images-300/p-250.jpg,348
,188,gopinath/1896-XikpAAAAYAAJ/pdf/images-300/p-257.jpg,gopinath/1914-VeBjAAAAMAAJ/pdf/images-300/p-251.jpg,125
,189,gopinath/1896-XikpAAAAYAAJ/pdf/images-300/p-258.jpg,gopinath/1914-VeBjAAAAMAAJ/pdf/images-300/p-252.jpg,91
,190,gopinath/1896-XikpAAAAYAAJ/pdf/images-300/p-259.jpg,gopinath/1914-VeBjAAAAMAAJ/pdf/images-300/p-253.jpg,94
,191,gopinath/1896-XikpAAAAYAAJ/pdf/images-300/p-260.jpg,gopinath/1914-VeBjAAAAMAAJ/pdf/images-300/p-254.jpg,108
,192,gopinath/1896-XikpAAAAYAAJ/pdf/images-300/p-261.jpg,gopinath/1914-VeBjAAAAMAAJ/pdf/images-300/p-255.jpg,82
,193,gopinath/1896-XikpAAAAYAAJ/pdf/images-300/p-262.jpg,gopinath/1914-VeBjAAAAMAAJ/pdf/images-300/p-256.jpg,96
,194,gopinath/1896-XikpAAAAYAAJ/pdf/images-300/p-263.jpg,gopinath/1914-VeBjAAAAMAAJ/pdf/images-300/p-257.jpg,247
,195,gopinath/1896-XikpAAAAYAAJ/pdf/images-300/p-264.jpg,gopinath/1914-VeBjAAAAMAAJ/pdf/images-300/p-258.jpg,298
,196,gopinath/1896-XikpAAAAYAAJ/pdf/images-300/p-265.jpg,gopinath/1914-VeBjAAAAMAAJ/pdf/images-300/p-259.jpg,205
,197,gopinath/1896-XikpAAAAYAAJ/pdf/images-300/p-267.jpg,gopinath/1914-VeBjAAAAMAAJ/pdf/images-300/p-260.jpg,114
,198,gopinath/1896-XikpAAAAYAAJ/pdf/images-300/p-266.jpg,gopinath/1914-VeBjAAAAMAAJ/pdf/images-300/p-261.jpg,104
,199,gopinath/1896-XikpAAAAYAAJ/pdf/images-300/p-268.jpg,gopinath/1914-VeBjAAAAMAAJ/pdf/images-300/p-262.jpg,129
,200,gopinath/1896-XikpAAAAYAAJ/pdf/images-300/p-269.jpg,gopinath/1914-VeBjAAAAMAAJ/pdf/images-300/p-263.jpg,297
,201,gopinath/1896-XikpAAAAYAAJ/pdf/images-300/p-270.jpg,gopinath/1914-VeBjAAAAMAAJ/pdf/images-300/p-264.jpg,126
,202,gopinath/1896-XikpAAAAYAAJ/pdf/images-300/p-271.jpg,gopinath/1914-VeBjAAAAMAAJ/pdf/images-300/p-265.jpg,109
,203,gopinath/1896-XikpAAAAYAAJ/pdf/images-300/p-272.jpg,gopinath/1914-VeBjAAAAMAAJ/pdf/images-300/p-266.jpg,110
,204,gopinath/1896-XikpAAAAYAAJ/pdf/images-300/p-273.jpg,gopinath/1914-VeBjAAAAMAAJ/pdf/images-300/p-267.jpg,229
,205,gopinath/1896-XikpAAAAYAAJ/pdf/images-300/p-274.jpg,gopinath/1914-VeBjAAAAMAAJ/pdf/images-300/p-268.jpg,78
,206,gopinath/1896-XikpAAAAYAAJ/pdf/images-300/p-275.jpg,gopinath/1914-VeBjAAAAMAAJ/pdf/images-300/p-269.jpg,280
,207,gopinath/1896-XikpAAAAYAAJ/pdf/images-300/p-276.jpg,gopinath/1914-VeBjAAAAMAAJ/pdf/images-300/p-270.jpg,806
,208,gopinath/1896-XikpAAAAYAAJ/pdf/images-300/p-277.jpg,gopinath/1914-VeBjAAAAMAAJ/pdf/images-300/p-271.jpg,7
,209,gopinath/1896-XikpAAAAYAAJ/pdf/images-300/p-278.jpg,gopinath/1914-VeBjAAAAMAAJ/pdf/images-300/p-272.jpg,211
,210,gopinath/1896-XikpAAAAYAAJ/pdf/images-300/p-279.jpg,gopinath/1914-VeBjAAAAMAAJ/pdf/images-300/p-273.jpg,233
,211,gopinath/1896-XikpAAAAYAAJ/pdf/images-300/p-280.jpg,gopinath/1914-VeBjAAAAMAAJ/pdf/images-300/p-274.jpg,224
,212,gopinath/1896-XikpAAAAYAAJ/pdf/images-300/p-281.jpg,gopinath/1914-VeBjAAAAMAAJ/pdf/images-300/p-275.jpg,331
,213,gopinath/1896-XikpAAAAYAAJ/pdf/images-300/p-282.jpg,gopinath/1914-VeBjAAAAMAAJ/pdf/images-300/p-276.jpg,328
,214,gopinath/1896-XikpAAAAYAAJ/pdf/images-300/p-283.jpg,gopinath/1914-VeBjAAAAMAAJ/pdf/images-300/p-277.jpg,217
(atha vairāgya),215,gopinath/1896-XikpAAAAYAAJ/pdf/images-300/p-284.jpg,gopinath/1914-VeBjAAAAMAAJ/pdf/images-300/p-278.jpg,
(blank),216,gopinath/1896-XikpAAAAYAAJ/pdf/images-300/p-285.jpg,gopinath/1914-VeBjAAAAMAAJ/pdf/images-300/p-279.jpg,
,217,gopinath/1896-XikpAAAAYAAJ/pdf/images-300/p-286.jpg,gopinath/1914-VeBjAAAAMAAJ/pdf/images-300/p-280.jpg,1
,218,gopinath/1896-XikpAAAAYAAJ/pdf/images-300/p-287.jpg,gopinath/1914-VeBjAAAAMAAJ/pdf/images-300/p-281.jpg,4
,219,gopinath/1896-XikpAAAAYAAJ/pdf/images-300/p-288.jpg,gopinath/1914-VeBjAAAAMAAJ/pdf/images-300/p-282.jpg,263
,220,gopinath/1896-XikpAAAAYAAJ/pdf/images-300/p-289.jpg,gopinath/1914-VeBjAAAAMAAJ/pdf/images-300/p-283.jpg,149
,221,gopinath/1896-XikpAAAAYAAJ/pdf/images-300/p-290.jpg,gopinath/1914-VeBjAAAAMAAJ/pdf/images-300/p-284.jpg,148
,222,gopinath/1896-XikpAAAAYAAJ/pdf/images-300/p-291.jpg,gopinath/1914-VeBjAAAAMAAJ/pdf/images-300/p-285.jpg,150
,223,gopinath/1896-XikpAAAAYAAJ/pdf/images-300/p-292.jpg,gopinath/1914-VeBjAAAAMAAJ/pdf/images-300/p-286.jpg,151
,224,gopinath/1896-XikpAAAAYAAJ/pdf/images-300/p-293.jpg,gopinath/1914-VeBjAAAAMAAJ/pdf/images-300/p-287.jpg,152
,225,gopinath/1896-XikpAAAAYAAJ/pdf/images-300/p-294.jpg,gopinath/1914-VeBjAAAAMAAJ/pdf/images-300/p-288.jpg,153
,226,gopinath/1896-XikpAAAAYAAJ/pdf/images-300/p-295.jpg,gopinath/1914-VeBjAAAAMAAJ/pdf/images-300/p-289.jpg,352
,227,gopinath/1896-XikpAAAAYAAJ/pdf/images-300/p-296.jpg,gopinath/1914-VeBjAAAAMAAJ/pdf/images-300/p-290.jpg,154
,228,gopinath/1896-XikpAAAAYAAJ/pdf/images-300/p-297.jpg,gopinath/1914-VeBjAAAAMAAJ/pdf/images-300/p-291.jpg,155
,229,gopinath/1896-XikpAAAAYAAJ/pdf/images-300/p-298.jpg,gopinath/1914-VeBjAAAAMAAJ/pdf/images-300/p-292.jpg,236
,230,gopinath/1896-XikpAAAAYAAJ/pdf/images-300/p-299.jpg,gopinath/1914-VeBjAAAAMAAJ/pdf/images-300/p-293.jpg,156
,231,gopinath/1896-XikpAAAAYAAJ/pdf/images-300/p-300.jpg,gopinath/1914-VeBjAAAAMAAJ/pdf/images-300/p-294.jpg,313
,232,gopinath/1896-XikpAAAAYAAJ/pdf/images-300/p-301.jpg,gopinath/1914-VeBjAAAAMAAJ/pdf/images-300/p-295.jpg,157
,233,gopinath/1896-XikpAAAAYAAJ/pdf/images-300/p-302.jpg,gopinath/1914-VeBjAAAAMAAJ/pdf/images-300/p-296.jpg,329
,234,gopinath/1896-XikpAAAAYAAJ/pdf/images-300/p-303.jpg,gopinath/1914-VeBjAAAAMAAJ/pdf/images-300/p-297.jpg,158
,235,gopinath/1896-XikpAAAAYAAJ/pdf/images-300/p-304.jpg,gopinath/1914-VeBjAAAAMAAJ/pdf/images-300/p-298.jpg,159
,236,gopinath/1896-XikpAAAAYAAJ/pdf/images-300/p-305.jpg,gopinath/1914-VeBjAAAAMAAJ/pdf/images-300/p-299.jpg,160
,237,gopinath/1896-XikpAAAAYAAJ/pdf/images-300/p-306.jpg,gopinath/1914-VeBjAAAAMAAJ/pdf/images-300/p-300.jpg,161
,238,gopinath/1896-XikpAAAAYAAJ/pdf/images-300/p-307.jpg,gopinath/1914-VeBjAAAAMAAJ/pdf/images-300/p-301.jpg,162
,239,gopinath/1896-XikpAAAAYAAJ/pdf/images-300/p-308.jpg,gopinath/1914-VeBjAAAAMAAJ/pdf/images-300/p-302.jpg,163
,240,gopinath/1896-XikpAAAAYAAJ/pdf/images-300/p-309.jpg,gopinath/1914-VeBjAAAAMAAJ/pdf/images-300/p-303.jpg,164
,241,gopinath/1896-XikpAAAAYAAJ/pdf/images-300/p-310.jpg,gopinath/1914-VeBjAAAAMAAJ/pdf/images-300/p-304.jpg,304
,242,gopinath/1896-XikpAAAAYAAJ/pdf/images-300/p-311.jpg,gopinath/1914-VeBjAAAAMAAJ/pdf/images-300/p-305.jpg,165
,243,gopinath/1896-XikpAAAAYAAJ/pdf/images-300/p-312.jpg,gopinath/1914-VeBjAAAAMAAJ/pdf/images-300/p-306.jpg,272
,244,gopinath/1896-XikpAAAAYAAJ/pdf/images-300/p-313.jpg,gopinath/1914-VeBjAAAAMAAJ/pdf/images-300/p-307.jpg,338
,245,gopinath/1896-XikpAAAAYAAJ/pdf/images-300/p-314.jpg,gopinath/1914-VeBjAAAAMAAJ/pdf/images-300/p-308.jpg,166
,246,gopinath/1896-XikpAAAAYAAJ/pdf/images-300/p-315.jpg,gopinath/1914-VeBjAAAAMAAJ/pdf/images-300/p-309.jpg,210
,247,gopinath/1896-XikpAAAAYAAJ/pdf/images-300/p-316.jpg,gopinath/1914-VeBjAAAAMAAJ/pdf/images-300/p-310.jpg,303
,248,gopinath/1896-XikpAAAAYAAJ/pdf/images-300/p-317.jpg,gopinath/1914-VeBjAAAAMAAJ/pdf/images-300/p-311.jpg,167
,249,gopinath/1896-XikpAAAAYAAJ/pdf/images-300/p-318.jpg,gopinath/1914-VeBjAAAAMAAJ/pdf/images-300/p-312.jpg,344
,250,gopinath/1896-XikpAAAAYAAJ/pdf/images-300/p-319.jpg,gopinath/1914-VeBjAAAAMAAJ/pdf/images-300/p-313.jpg,168
,251,gopinath/1896-XikpAAAAYAAJ/pdf/images-300/p-320.jpg,gopinath/1914-VeBjAAAAMAAJ/pdf/images-300/p-314.jpg,201
,252,gopinath/1896-XikpAAAAYAAJ/pdf/images-300/p-321.jpg,gopinath/1914-VeBjAAAAMAAJ/pdf/images-300/p-315.jpg,169
,253,gopinath/1896-XikpAAAAYAAJ/pdf/images-300/p-322.jpg,gopinath/1914-VeBjAAAAMAAJ/pdf/images-300/p-316.jpg,170
,254,gopinath/1896-XikpAAAAYAAJ/pdf/images-300/p-323.jpg,gopinath/1914-VeBjAAAAMAAJ/pdf/images-300/p-317.jpg,171
,255,gopinath/1896-XikpAAAAYAAJ/pdf/images-300/p-324.jpg,gopinath/1914-VeBjAAAAMAAJ/pdf/images-300/p-318.jpg,172
,256,gopinath/1896-XikpAAAAYAAJ/pdf/images-300/p-325.jpg,gopinath/1914-VeBjAAAAMAAJ/pdf/images-300/p-319.jpg,213
,257,gopinath/1896-XikpAAAAYAAJ/pdf/images-300/p-326.jpg,gopinath/1914-VeBjAAAAMAAJ/pdf/images-300/p-320.jpg,239
,258,gopinath/1896-XikpAAAAYAAJ/pdf/images-300/p-327.jpg,gopinath/1914-VeBjAAAAMAAJ/pdf/images-300/p-321.jpg,347
,259,gopinath/1896-XikpAAAAYAAJ/pdf/images-300/p-328.jpg,gopinath/1914-VeBjAAAAMAAJ/pdf/images-300/p-322.jpg,173
,260,gopinath/1896-XikpAAAAYAAJ/pdf/images-300/p-329.jpg,gopinath/1914-VeBjAAAAMAAJ/pdf/images-300/p-323.jpg,176
,261,gopinath/1896-XikpAAAAYAAJ/pdf/images-300/p-330.jpg,gopinath/1914-VeBjAAAAMAAJ/pdf/images-300/p-324.jpg,299
,262,gopinath/1896-XikpAAAAYAAJ/pdf/images-300/p-331.jpg,gopinath/1914-VeBjAAAAMAAJ/pdf/images-300/p-325.jpg,174
,263,gopinath/1896-XikpAAAAYAAJ/pdf/images-300/p-332.jpg,gopinath/1914-VeBjAAAAMAAJ/pdf/images-300/p-326.jpg,175
,264,gopinath/1896-XikpAAAAYAAJ/pdf/images-300/p-333.jpg,gopinath/1914-VeBjAAAAMAAJ/pdf/images-300/p-327.jpg,325
,265,gopinath/1896-XikpAAAAYAAJ/pdf/images-300/p-334.jpg,gopinath/1914-VeBjAAAAMAAJ/pdf/images-300/p-328.jpg,177
,266,gopinath/1896-XikpAAAAYAAJ/pdf/images-300/p-335.jpg,gopinath/1914-VeBjAAAAMAAJ/pdf/images-300/p-329.jpg,308
,267,gopinath/1896-XikpAAAAYAAJ/pdf/images-300/p-336.jpg,gopinath/1914-VeBjAAAAMAAJ/pdf/images-300/p-330.jpg,269
,268,gopinath/1896-XikpAAAAYAAJ/pdf/images-300/p-337.jpg,gopinath/1914-VeBjAAAAMAAJ/pdf/images-300/p-331.jpg,258
,269,gopinath/1896-XikpAAAAYAAJ/pdf/images-300/p-338.jpg,gopinath/1914-VeBjAAAAMAAJ/pdf/images-300/p-332.jpg,178
,270,gopinath/1896-XikpAAAAYAAJ/pdf/images-300/p-339.jpg,gopinath/1914-VeBjAAAAMAAJ/pdf/images-300/p-333.jpg,179
,271,gopinath/1896-XikpAAAAYAAJ/pdf/images-300/p-340.jpg,gopinath/1914-VeBjAAAAMAAJ/pdf/images-300/p-334.jpg,243
,272,gopinath/1896-XikpAAAAYAAJ/pdf/images-300/p-341.jpg,gopinath/1914-VeBjAAAAMAAJ/pdf/images-300/p-335.jpg,337
,273,gopinath/1896-XikpAAAAYAAJ/pdf/images-300/p-342.jpg,gopinath/1914-VeBjAAAAMAAJ/pdf/images-300/p-336.jpg,180
,274,gopinath/1896-XikpAAAAYAAJ/pdf/images-300/p-343.jpg,gopinath/1914-VeBjAAAAMAAJ/pdf/images-300/p-337.jpg,181
,275,gopinath/1896-XikpAAAAYAAJ/pdf/images-300/p-344.jpg,gopinath/1914-VeBjAAAAMAAJ/pdf/images-300/p-338.jpg,182
,276,gopinath/1896-XikpAAAAYAAJ/pdf/images-300/p-345.jpg,gopinath/1914-VeBjAAAAMAAJ/pdf/images-300/p-339.jpg,183
,277,gopinath/1896-XikpAAAAYAAJ/pdf/images-300/p-346.jpg,gopinath/1914-VeBjAAAAMAAJ/pdf/images-300/p-340.jpg,326
,278,gopinath/1896-XikpAAAAYAAJ/pdf/images-300/p-347.jpg,gopinath/1914-VeBjAAAAMAAJ/pdf/images-300/p-341.jpg,302
,279,gopinath/1896-XikpAAAAYAAJ/pdf/images-300/p-348.jpg,gopinath/1914-VeBjAAAAMAAJ/pdf/images-300/p-342.jpg,312
,280,gopinath/1896-XikpAAAAYAAJ/pdf/images-300/p-349.jpg,gopinath/1914-VeBjAAAAMAAJ/pdf/images-300/p-343.jpg,282
,281,gopinath/1896-XikpAAAAYAAJ/pdf/images-300/p-350.jpg,gopinath/1914-VeBjAAAAMAAJ/pdf/images-300/p-344.jpg,218
,282,gopinath/1896-XikpAAAAYAAJ/pdf/images-300/p-351.jpg,gopinath/1914-VeBjAAAAMAAJ/pdf/images-300/p-345.jpg,315
,283,gopinath/1896-XikpAAAAYAAJ/pdf/images-300/p-352.jpg,gopinath/1914-VeBjAAAAMAAJ/pdf/images-300/p-346.jpg,184
,284,gopinath/1896-XikpAAAAYAAJ/pdf/images-300/p-353.jpg,gopinath/1914-VeBjAAAAMAAJ/pdf/images-300/p-347.jpg,238
,285,gopinath/1896-XikpAAAAYAAJ/pdf/images-300/p-354.jpg,gopinath/1914-VeBjAAAAMAAJ/pdf/images-300/p-348.jpg,306
,286,gopinath/1896-XikpAAAAYAAJ/pdf/images-300/p-355.jpg,gopinath/1914-VeBjAAAAMAAJ/pdf/images-300/p-349.jpg,185
,287,gopinath/1896-XikpAAAAYAAJ/pdf/images-300/p-356.jpg,gopinath/1914-VeBjAAAAMAAJ/pdf/images-300/p-350.jpg,186
,288,gopinath/1896-XikpAAAAYAAJ/pdf/images-300/p-357.jpg,gopinath/1914-VeBjAAAAMAAJ/pdf/images-300/p-351.jpg,288
,289,gopinath/1896-XikpAAAAYAAJ/pdf/images-300/p-358.jpg,gopinath/1914-VeBjAAAAMAAJ/pdf/images-300/p-352.jpg,187
,290,gopinath/1896-XikpAAAAYAAJ/pdf/images-300/p-359.jpg,gopinath/1914-VeBjAAAAMAAJ/pdf/images-300/p-353.jpg,188
,291,gopinath/1896-XikpAAAAYAAJ/pdf/images-300/p-360.jpg,gopinath/1914-VeBjAAAAMAAJ/pdf/images-300/p-354.jpg,189
,292,gopinath/1896-XikpAAAAYAAJ/pdf/images-300/p-361.jpg,gopinath/1914-VeBjAAAAMAAJ/pdf/images-300/p-355.jpg,316
,293,gopinath/1896-XikpAAAAYAAJ/pdf/images-300/p-362.jpg,gopinath/1914-VeBjAAAAMAAJ/pdf/images-300/p-356.jpg,190
,294,gopinath/1896-XikpAAAAYAAJ/pdf/images-300/p-363.jpg,gopinath/1914-VeBjAAAAMAAJ/pdf/images-300/p-357.jpg,254
,295,gopinath/1896-XikpAAAAYAAJ/pdf/images-300/p-364.jpg,gopinath/1914-VeBjAAAAMAAJ/pdf/images-300/p-358.jpg,191
,296,gopinath/1896-XikpAAAAYAAJ/pdf/images-300/p-365.jpg,gopinath/1914-VeBjAAAAMAAJ/pdf/images-300/p-359.jpg,192
,297,gopinath/1896-XikpAAAAYAAJ/pdf/images-300/p-366.jpg,gopinath/1914-VeBjAAAAMAAJ/pdf/images-300/p-360.jpg,284
,298,gopinath/1896-XikpAAAAYAAJ/pdf/images-300/p-367.jpg,gopinath/1914-VeBjAAAAMAAJ/pdf/images-300/p-361.jpg,6
,299,gopinath/1896-XikpAAAAYAAJ/pdf/images-300/p-368.jpg,gopinath/1914-VeBjAAAAMAAJ/pdf/images-300/p-362.jpg,193
,300,gopinath/1896-XikpAAAAYAAJ/pdf/images-300/p-369.jpg,gopinath/1914-VeBjAAAAMAAJ/pdf/images-300/p-363.jpg,289
,301,gopinath/1896-XikpAAAAYAAJ/pdf/images-300/p-370.jpg,gopinath/1914-VeBjAAAAMAAJ/pdf/images-300/p-364.jpg,301
,302,gopinath/1896-XikpAAAAYAAJ/pdf/images-300/p-371.jpg,gopinath/1914-VeBjAAAAMAAJ/pdf/images-300/p-365.jpg,194
,303,gopinath/1896-XikpAAAAYAAJ/pdf/images-300/p-372.jpg,gopinath/1914-VeBjAAAAMAAJ/pdf/images-300/p-366.jpg,195
,304,gopinath/1896-XikpAAAAYAAJ/pdf/images-300/p-373.jpg,gopinath/1914-VeBjAAAAMAAJ/pdf/images-300/p-367.jpg,250
,305,gopinath/1896-XikpAAAAYAAJ/pdf/images-300/p-374.jpg,gopinath/1914-VeBjAAAAMAAJ/pdf/images-300/p-368.jpg,470
,306,gopinath/1896-XikpAAAAYAAJ/pdf/images-300/p-375.jpg,gopinath/1914-VeBjAAAAMAAJ/pdf/images-300/p-369.jpg,249
,307,gopinath/1896-XikpAAAAYAAJ/pdf/images-300/p-376.jpg,gopinath/1914-VeBjAAAAMAAJ/pdf/images-300/p-370.jpg,253
,308,gopinath/1896-XikpAAAAYAAJ/pdf/images-300/p-377.jpg,gopinath/1914-VeBjAAAAMAAJ/pdf/images-300/p-371.jpg,345
,309,gopinath/1896-XikpAAAAYAAJ/pdf/images-300/p-378.jpg,gopinath/1914-VeBjAAAAMAAJ/pdf/images-300/p-372.jpg,333
,310,gopinath/1896-XikpAAAAYAAJ/pdf/images-300/p-379.jpg,gopinath/1914-VeBjAAAAMAAJ/pdf/images-300/p-373.jpg,339
,311,gopinath/1896-XikpAAAAYAAJ/pdf/images-300/p-380.jpg,gopinath/1914-VeBjAAAAMAAJ/pdf/images-300/p-374.jpg,430
,312,gopinath/1896-XikpAAAAYAAJ/pdf/images-300/p-381.jpg,gopinath/1914-VeBjAAAAMAAJ/pdf/images-300/p-375.jpg,264
,313,gopinath/1896-XikpAAAAYAAJ/pdf/images-300/p-382.jpg,gopinath/1914-VeBjAAAAMAAJ/pdf/images-300/p-376.jpg,278
,314,gopinath/1896-XikpAAAAYAAJ/pdf/images-300/p-383.jpg,gopinath/1914-VeBjAAAAMAAJ/pdf/images-300/p-377.jpg,300
,315,gopinath/1896-XikpAAAAYAAJ/pdf/images-300/p-384.jpg,gopinath/1914-VeBjAAAAMAAJ/pdf/images-300/p-378.jpg,317
,316,gopinath/1896-XikpAAAAYAAJ/pdf/images-300/p-385.jpg,gopinath/1914-VeBjAAAAMAAJ/pdf/images-300/p-379.jpg,234
,317,gopinath/1896-XikpAAAAYAAJ/pdf/images-300/p-386.jpg,gopinath/1914-VeBjAAAAMAAJ/pdf/images-300/p-380.jpg,292
,318,gopinath/1896-XikpAAAAYAAJ/pdf/images-300/p-387.jpg,gopinath/1914-VeBjAAAAMAAJ/pdf/images-300/p-381.jpg,196
,319,gopinath/1896-XikpAAAAYAAJ/pdf/images-300/p-388.jpg,gopinath/1914-VeBjAAAAMAAJ/pdf/images-300/p-382.jpg,197
,320,gopinath/1896-XikpAAAAYAAJ/pdf/images-300/p-389.jpg,gopinath/1914-VeBjAAAAMAAJ/pdf/images-300/p-383.jpg,198
,321,gopinath/1896-XikpAAAAYAAJ/pdf/images-300/p-390.jpg,gopinath/1914-VeBjAAAAMAAJ/pdf/images-300/p-384.jpg,199
,322,gopinath/1896-XikpAAAAYAAJ/pdf/images-300/p-391.jpg,gopinath/1914-VeBjAAAAMAAJ/pdf/images-300/p-385.jpg,200
,323,gopinath/1896-XikpAAAAYAAJ/pdf/images-300/p-392.jpg,gopinath/1914-VeBjAAAAMAAJ/pdf/images-300/p-386.jpg,283
,324,gopinath/1896-XikpAAAAYAAJ/pdf/images-300/p-393.jpg,gopinath/1914-VeBjAAAAMAAJ/pdf/images-300/p-387.jpg,332
,325,gopinath/1896-XikpAAAAYAAJ/pdf/images-300/p-394.jpg,gopinath/1914-VeBjAAAAMAAJ/pdf/images-300/p-388.jpg,146
,326,gopinath/1896-XikpAAAAYAAJ/pdf/images-300/p-395.jpg,gopinath/1914-VeBjAAAAMAAJ/pdf/images-300/p-389.jpg,248
,327,gopinath/1896-XikpAAAAYAAJ/pdf/images-300/p-396.jpg,gopinath/1914-VeBjAAAAMAAJ/pdf/images-300/p-390.jpg,101
,328,gopinath/1896-XikpAAAAYAAJ/pdf/images-300/p-397.jpg,gopinath/1914-VeBjAAAAMAAJ/pdf/images-300/p-391.jpg,102
,329,gopinath/1896-XikpAAAAYAAJ/pdf/images-300/p-398.jpg,gopinath/1914-VeBjAAAAMAAJ/pdf/images-300/p-392.jpg,242
,330,gopinath/1896-XikpAAAAYAAJ/pdf/images-300/p-399.jpg,gopinath/1914-VeBjAAAAMAAJ/pdf/images-300/p-393.jpg,235
,331,gopinath/1896-XikpAAAAYAAJ/pdf/images-300/p-400.jpg,gopinath/1914-VeBjAAAAMAAJ/pdf/images-300/p-394.jpg,609
,332,gopinath/1896-XikpAAAAYAAJ/pdf/images-300/p-401.jpg,gopinath/1914-VeBjAAAAMAAJ/pdf/images-300/p-395.jpg,294